<?xml version="1.0" encoding="UTF-8"?>
<project-private xmlns="http://www.netbeans.org/ns/project-private/1">
    <editor-bookmarks xmlns="http://www.netbeans.org/ns/editor-bookmarks/2" lastBookmarkId="0"/>
    <open-files xmlns="http://www.netbeans.org/ns/projectui-open-files/2">
        <group>
            <file>file:/Users/shreya/NetBeansProjects/AedAssignment2SG/Assignment3_SSK/src/UI/ONE.java</file>
            <file>file:/Users/shreya/NetBeansProjects/AedAssignment2SG/Assignment3_SSK/src/UI/Seven_viewcoursedetails.java</file>
            <file>file:/Users/shreya/NetBeansProjects/AedAssignment2SG/Assignment3_SSK/src/UI/Two_newStudentSignUp.java</file>
            <file>file:/Users/shreya/NetBeansProjects/AedAssignment2SG/Assignment3_SSK/src/UI/One_Student_login_signup.java</file>
            <file>file:/Users/shreya/NetBeansProjects/AedAssignment2SG/Assignment3_SSK/src/UI/TWO.java</file>
            <file>file:/Users/shreya/NetBeansProjects/AedAssignment2SG/Assignment3_SSK/src/UI/Four_newProfSignUp_1.java</file>
            <file>file:/Users/shreya/NetBeansProjects/AedAssignment2SG/Assignment3_SSK/src/UI/Three_TeachFrame_1.java</file>
            <file>file:/Users/shreya/NetBeansProjects/AedAssignment2SG/Assignment3_SSK/src/assignment3_ssk/Assignment3_SSK.java</file>
            <file>file:/Users/shreya/NetBeansProjects/AedAssignment2SG/Assignment3_SSK/src/UI/Seven_studentManageProfile.java</file>
            <file>file:/Users/shreya/NetBeansProjects/AedAssignment2SG/Assignment3_SSK/src/UI/Five_prof_functionality.java</file>
            <file>file:/Users/shreya/NetBeansProjects/AedAssignment2SG/Assignment3_SSK/src/UI/Six_addCourse.java</file>
            <file>file:/Users/shreya/NetBeansProjects/AedAssignment2SG/Assignment3_SSK/src/UI/Eight_registrationfees_1.java</file>
            <file>file:/Users/shreya/NetBeansProjects/AedAssignment2SG/Assignment3_SSK/src/UI/Six_studentGiveExam.java</file>
        </group>
    </open-files>
</project-private>
